year,total,erw,math
2017,1126.0980392156862,569.1176470588235,547.6274509803922
2018,1120.0196078431372,563.6862745098039,556.2352941176471
2019,1113.078431372549,560.8039215686274,552.1960784313726
